1,Xiaomi Pocophone Poco M5s Dual Sim 256 Gb Gris 8 Gb Ram,,"4,545","2,727",2024-02-03 17:09:13.391017
1,Asistente Virtual Amazon Echo Dot 5ta Generación Negro,,784,715,2024-02-03 17:09:14.503072
1,Mesa Plegable 1.80 Mts Portatil Portafolio Eventos Jardin Color Blanco,4.6,889,779,2024-02-03 17:09:15.846923
1,Consola Xbox Series S 512gb Color Blanco,,"6,849","5,339",2024-02-03 17:09:17.031005
1,Google Chromecast 4 Con Google Tv Hd,4.9,692,642,2024-02-03 17:09:18.184268
1,Silla De Oficina Ejecutiva Reclinable Ergonomica Reposapiés Color Negro,,"1,999","1,415",2024-02-03 17:09:19.350221
1,Xiaomi Pocophone Poco M5s Dual Sim 256 Gb Azul 8 Gb Ram,,"4,545","2,727",2024-02-03 17:09:20.605878
1,Skindion Levantamiento Facial Con Microcorriente Color Rosa,,"1,800","1,499",2024-02-03 17:09:21.765797
1,Bocina JBL Boombox 3 portátil con bluetooth waterproof black 100V/240V ,,"6,628","6,219",2024-02-03 17:09:22.980945
1,Mesa 120cm de exterior Vitasense Garden MESA-12 de plástico color blanco,,925,666,2024-02-03 17:09:24.170316
1,Xbox Series X Mini Refrigerador 8 Latas Capacidad Con Luz,4.4,"2,941",999,2024-02-03 17:09:25.488563
1,Laptop Lenovo Ideapad Slim 3 15.6'' Ci5 8gb + 512gb Ssd,,"14,999","8,999",2024-02-03 17:09:26.895089
1,Celular Poco C65 256gb 8gb Black Color Negro,,"3,389","2,440",2024-02-03 17:09:28.225700
1,Bicicleta fija Centurfit MKZ-BICSPIN11BLA para spinning color blanco y gris,,"3,599","2,812",2024-02-03 17:09:29.359513
1,Tequila Don Ramón Punta Diamante Reposado 750ml,,345,172,2024-02-03 17:09:31.084287
1,Xiaomi Pocophone Poco M5 (5 Mpx) Dual SIM 128 GB black 6 GB RAM,,"3,480","2,088",2024-02-03 17:09:34.625694
1,"Laptop  HP 240 G9 plateada 14"", Intel Celeron N4500  8GB de RAM 256GB SSD, Intel UHD Graphics (Jasper Lake 16 EU) 1366x768px Windows 11 Home",4.4,"6,999","5,099",2024-02-03 17:09:36.900462
1,Parrilla A Gas Premiun Nube Plateada 5 Quemadores Color Plateado,,"4,999","1,989",2024-02-03 17:09:38.171050
1,Smart TV Pantalla 32 Pulgadas Weyon Android TV LED HD 32WDSNMX 110V/240V,,"5,064","2,633",2024-02-03 17:09:40.293751
1,Xiaomi Redmi 13C Dual SIM 128 GB navy blue 4 GB RAM,,"2,429","2,040",2024-02-03 17:09:41.708828
1,Nintendo Switch Oled 64gb Edición Especial Mario Red Color Rojo,,"8,899","5,339",2024-02-03 17:09:43.100073
1,Tablet Lenovo Xiaoxin Pad 2022 6gb 128gb Pantalla Lcd 2k,,"3,304","2,756",2024-02-03 17:09:45.356998
1,Audífonos inalámbricos JBL Tune 510BT JBLT510BT negro con luz  azul,,616,590,2024-02-03 17:09:47.581393
1,Xiaomi Pocophone Poco X6 Pro 5G Dual SIM 256 GB gris 8 GB RAM,4.8,"7,190","5,752",2024-02-03 17:09:48.920717
1,Tablet Xiaomi Pad 6 256gb 8gb Gravity Gray,,"7,820","6,193",2024-02-03 17:09:52.117802
1,Consola Xbox Series S 512gb Bundle 3 Meses Game Pass Ultimate Blanco,4.8,"7,799","5,306",2024-02-03 17:09:54.289394
1,Colchon Individual En Caja 15cm Alto Kingshouse Color Blanco Espuma De Alta Densidad Peso Máximo Soportado 150kg Antiácaros Hipoalergénico Tejido Antideslizante De Poliéster Firmeza Justa,,"2,499","1,499",2024-02-03 17:09:57.522842
1,Hidrolavadora Eléctrica Portatil 1400 Watts Voltaje 127 / 60 Hz 1500 Psi Manguera De 5 Metros Conexión Rápida Apagado Automatico Con Accesorios Hidroking1500 Kingsman,4.6,"1,749",804,2024-02-03 17:09:58.945746
1,Xiaomi Pocophone Poco M6 Pro Dual SIM 512 GB negro 12 GB RAM,4.8,"5,992","4,708",2024-02-03 17:10:00.212063
1,Impresora Epson L1250 Imprime A Color Con Wifi Color Negro,,"3,999","3,499",2024-02-03 17:10:01.776459
1,Smartwatch Huawei Band 6 1.47'' Amoled Bluetooth 5.0 Negro,4.8,616,499,2024-02-03 17:10:03.033801
1,Set 50 Ganchos Perchas Para Ropa Terciopelo Alta Calidad ,4.9,597,289,2024-02-03 17:10:04.192059
1,Kit Garnier Express Aclara Vitamina C: Serum Antimanchas + Crema Hidratante + Gel Limpiador Facial,,525,367,2024-02-03 17:10:05.372592
1,Silla Gamer Ergonómica Reposapiés Reclinable Gaming Oficina,,"2,499","1,499",2024-02-03 17:10:06.525348
1,Celuar Poco F4 5g Nebula Green 6gb Ram 128gb Rom,4.8,"6,480","3,939",2024-02-03 17:10:07.842853
1,Asistente Virtual Amazon Echo Dot 5ta Gen Azul,,875,735,2024-02-03 17:10:08.846029
